time,outside_air_c,sol_air_c,h_out_w_m2k,indoor_air_c,h_in_w_m2k
2024-01-01T00:00:00+00:00,-14.2785,-14.2785,9.0,-10.6994,7.692307692307692
2024-01-01T00:05:00+00:00,-14.4192,-14.4192,9.0,-10.7126,7.692307692307692
2024-01-01T00:10:00+00:00,-14.5599,-14.5599,9.0,-10.7234,7.692307692307692
2024-01-01T00:15:00+00:00,-14.7006,-14.7006,9.0,-10.7334,7.692307692307692
2024-01-01T00:20:00+00:00,-14.8412,-14.8412,9.0,-10.7433,7.692307692307692
2024-01-01T00:25:00+00:00,-14.9819,-14.9819,9.0,-10.7531,7.692307692307692
2024-01-01T00:30:00+00:00,-15.1226,-15.1226,9.0,-10.7629,7.692307692307692
2024-01-01T00:35:00+00:00,-15.2633,-15.2633,9.0,-10.7728,7.692307692307692
2024-01-01T00:40:00+00:00,-15.404,-15.404,9.0,-10.7829,7.692307692307692
2024-01-01T00:45:00+00:00,-15.5447,-15.5447,9.0,-10.793,7.692307692307692
2024-01-01T00:50:00+00:00,-15.6854,-15.6854,9.0,-10.8033,7.692307692307692
2024-01-01T00:55:00+00:00,-15.8261,-15.8261,9.0,-10.8137,7.692307692307692
2024-01-01T01:00:00+00:00,-15.9668,-15.9668,9.0,-10.8242,7.692307692307692
2024-01-01T01:05:00+00:00,-16.1177,-16.1177,9.0,-10.835,7.692307692307692
2024-01-01T01:10:00+00:00,-16.2687,-16.2687,9.0,-10.8461,7.692307692307692
2024-01-01T01:15:00+00:00,-16.4197,-16.4197,9.0,-10.8573,7.692307692307692
2024-01-01T01:20:00+00:00,-16.5707,-16.5707,9.0,-10.8687,7.692307692307692
2024-01-01T01:25:00+00:00,-16.7216,-16.7216,9.0,-10.8803,7.692307692307692
2024-01-01T01:30:00+00:00,-16.8726,-16.8726,9.0,-10.8921,7.692307692307692
2024-01-01T01:35:00+00:00,-17.0236,-17.0236,9.0,-10.9042,7.692307692307692
2024-01-01T01:40:00+00:00,-17.1746,-17.1746,9.0,-10.9166,7.692307692307692
2024-01-01T01:45:00+00:00,-17.3256,-17.3256,9.0,-10.9292,7.692307692307692
2024-01-01T01:50:00+00:00,-17.4765,-17.4765,9.0,-10.9421,7.692307692307692
2024-01-01T01:55:00+00:00,-17.6275,-17.6275,9.0,-10.9553,7.692307692307692
2024-01-01T02:00:00+00:00,-17.7785,-17.7785,9.0,-10.9688,7.692307692307692
2024-01-01T02:05:00+00:00,-17.9295,-15.326016553356254,9.0,-10.9786,7.692307692307692
2024-01-01T02:10:00+00:00,-18.0804,-12.676328149236243,9.0,-10.9845,7.692307692307692
2024-01-01T02:15:00+00:00,-18.2314,-9.91862430674957,9.0,-10.9867,7.692307692307692
2024-01-01T02:20:00+00:00,-18.3824,-7.062744995350343,9.0,-10.9854,7.692307692307692
2024-01-01T02:25:00+00:00,-18.5334,-4.111019810153648,9.0,-10.981,7.692307692307692
2024-01-01T02:30:00+00:00,-18.6844,-1.06455391809655,9.0,-10.9734,7.692307692307692
2024-01-01T02:35:00+00:00,-18.8353,2.0757778524063717,9.0,-10.9629,7.692307692307692
2024-01-01T02:40:00+00:00,-18.9863,5.308710519221236,9.0,-10.9494,7.692307692307692
2024-01-01T02:45:00+00:00,-19.1373,8.63315210800706,9.0,-10.9329,7.692307692307692
2024-01-01T02:50:00+00:00,-19.2883,12.047787625792207,9.0,-10.9135,7.692307692307692
2024-01-01T02:55:00+00:00,-19.4392,15.551290494429509,9.0,-10.8911,7.692307692307692
2024-01-01T03:00:00+00:00,-19.5902,19.14193326333457,9.0,-10.8657,7.692307692307692
2024-01-01T03:05:00+00:00,-19.7309,20.58618804634481,9.0,-10.8406,7.692307692307692
2024-01-01T03:10:00+00:00,-19.8716,22.03594216894414,9.0,-10.8158,7.692307692307692
2024-01-01T03:15:00+00:00,-20.0123,23.492303953895497,9.0,-10.7913,7.692307692307692
2024-01-01T03:20:00+00:00,-20.153,24.95596056579528,9.0,-10.7666,7.692307692307692
2024-01-01T03:25:00+00:00,-20.2937,26.42729791277724,9.0,-10.7416,7.692307692307692
2024-01-01T03:30:00+00:00,-20.4344,27.906481770875597,9.0,-10.7943,7.692307692307692
2024-01-01T03:35:00+00:00,-20.575,29.393613338475607,9.0,-10.7897,7.692307692307692
2024-01-01T03:40:00+00:00,-20.7157,30.8883689694673,9.0,-10.7721,7.692307692307692
2024-01-01T03:45:00+00:00,-20.8564,32.39062835507521,9.0,-10.7508,7.692307692307692
2024-01-01T03:50:00+00:00,-20.9971,33.900095747683565,9.0,-10.7275,7.692307692307692
2024-01-01T03:55:00+00:00,-21.1378,35.416415578971694,9.0,-10.7029,7.692307692307692
2024-01-01T04:00:00+00:00,-21.2785,36.93918435460846,9.0,-10.6768,7.692307692307692
2024-01-01T04:05:00+00:00,-21.3993,38.1213614849582,9.0,-10.6497,7.692307692307692
2024-01-01T04:10:00+00:00,-21.5201,39.30358940028506,9.0,-10.6218,7.692307692307692
2024-01-01T04:15:00+00:00,-21.6409,40.48539405169829,9.0,-10.593,7.692307692307692
2024-01-01T04:20:00+00:00,-21.7617,41.66630447867989,9.0,-10.5633,7.692307692307692
2024-01-01T04:25:00+00:00,-21.8825,42.845853520380594,9.0,-10.5328,7.692307692307692
2024-01-01T04:30:00+00:00,-22.0034,44.023477948347136,9.0,-10.5012,7.692307692307692
2024-01-01T04:35:00+00:00,-22.1242,45.19891923782792,9.0,-10.4688,7.692307692307692
2024-01-01T04:40:00+00:00,-22.245,46.371623989400476,9.0,-10.4353,7.692307692307692
2024-01-01T04:45:00+00:00,-22.3658,47.541144401817014,9.0,-10.4008,7.692307692307692
2024-01-01T04:50:00+00:00,-22.4866,48.70703915760511,9.0,-10.3654,7.692307692307692
2024-01-01T04:55:00+00:00,-22.6074,49.86887379109342,9.0,-10.3289,7.692307692307692
2024-01-01T05:00:00+00:00,-22.7282,51.02622167992543,9.0,-10.2914,7.692307692307692
2024-01-01T05:05:00+00:00,-22.8209,51.840005664996234,9.0,-10.2529,7.692307692307692
2024-01-01T05:10:00+00:00,-22.9136,52.646731788878725,9.0,-10.2139,7.692307692307692
2024-01-01T05:15:00+00:00,-23.0063,53.44593577819575,9.0,-10.1743,7.692307692307692
2024-01-01T05:20:00+00:00,-23.099,54.237179770537395,9.0,-10.1342,7.692307692307692
2024-01-01T05:25:00+00:00,-23.1917,55.020050849255384,9.0,-10.0936,7.692307692307692
2024-01-01T05:30:00+00:00,-23.2844,55.794159909698124,9.0,-10.0524,7.692307692307692
2024-01-01T05:35:00+00:00,-23.3771,56.55914107410088,9.0,-10.0106,7.692307692307692
2024-01-01T05:40:00+00:00,-23.4699,57.314550918694536,9.0,-9.9683,7.692307692307692
2024-01-01T05:45:00+00:00,-23.5626,58.0602683373768,9.0,-9.9255,7.692307692307692
2024-01-01T05:50:00+00:00,-23.6553,58.795894179719284,9.0,-9.8821,7.692307692307692
2024-01-01T05:55:00+00:00,-23.748,59.52115144154047,9.0,-9.8383,7.692307692307692
2024-01-01T06:00:00+00:00,-23.8407,60.23578524531413,9.0,-9.7941,7.692307692307692
2024-01-01T06:05:00+00:00,-23.8989,60.5782036930066,9.0,-9.7493,7.692307692307692
2024-01-01T06:10:00+00:00,-23.9572,60.908707869334336,9.0,-9.7046,7.692307692307692
2024-01-01T06:15:00+00:00,-24.0155,61.22714288300942,9.0,-9.6599,7.692307692307692
2024-01-01T06:20:00+00:00,-24.0738,61.53328288691956,9.0,-9.6154,7.692307692307692
2024-01-01T06:25:00+00:00,-24.132,61.82703039086017,9.0,-9.571,7.692307692307692
2024-01-01T06:30:00+00:00,-24.1903,62.10801597701765,9.0,-9.5267,7.692307692307692
2024-01-01T06:35:00+00:00,-24.2486,62.37619801115643,9.0,-9.4825,7.692307692307692
2024-01-01T06:40:00+00:00,-24.3069,62.631462681770174,9.0,-9.4385,7.692307692307692
2024-01-01T06:45:00+00:00,-24.3651,62.87382407607741,9.0,-9.3947,7.692307692307692
2024-01-01T06:50:00+00:00,-24.4234,63.103024519153394,9.0,-9.3511,7.692307692307692
2024-01-01T06:55:00+00:00,-24.4817,63.31913500966429,9.0,-9.3076,7.692307692307692
2024-01-01T07:00:00+00:00,-24.54,63.52215585383686,9.0,-9.2645,7.692307692307692
2024-01-01T07:05:00+00:00,-24.5598,63.34738061167387,9.0,-9.2215,7.692307692307692
2024-01-01T07:10:00+00:00,-24.5797,63.15914418707597,9.0,-9.1792,7.692307692307692
2024-01-01T07:15:00+00:00,-24.5996,62.95754999888159,9.0,-9.1378,7.692307692307692
2024-01-01T07:20:00+00:00,-24.6195,62.742630115538134,9.0,-9.0972,7.692307692307692
2024-01-01T07:25:00+00:00,-24.6393,62.5145453172535,9.0,-9.0574,7.692307692307692
2024-01-01T07:30:00+00:00,-24.6592,62.27318545736712,9.0,-9.0185,7.692307692307692
2024-01-01T07:35:00+00:00,-24.6791,62.018769863678294,9.0,-8.9803,7.692307692307692
2024-01-01T07:40:00+00:00,-24.699,61.751448024204734,9.0,-8.943,7.692307692307692
2024-01-01T07:45:00+00:00,-24.7189,61.471400509227706,9.0,-8.9066,7.692307692307692
2024-01-01T07:50:00+00:00,-24.7387,61.17893994759978,9.0,-8.871,7.692307692307692
2024-01-01T07:55:00+00:00,-24.7586,60.874112503351554,9.0,-8.8362,7.692307692307692
2024-01-01T08:00:00+00:00,-24.7785,60.55729933615081,9.0,-8.8023,7.692307692307692
2024-01-01T08:05:00+00:00,-24.7586,59.89392881139395,9.0,-8.7691,7.692307692307692
2024-01-01T08:10:00+00:00,-24.7387,59.21896280555641,9.0,-8.737,7.692307692307692
2024-01-01T08:15:00+00:00,-24.7189,58.53254712129528,9.0,-8.7062,7.692307692307692
2024-01-01T08:20:00+00:00,-24.699,57.83515389636203,9.0,-8.6766,7.692307692307692
2024-01-01T08:25:00+00:00,-24.6791,57.12698251846552,9.0,-8.6483,7.692307692307692
2024-01-01T08:30:00+00:00,-24.6592,56.408360823809545,9.0,-8.621,7.692307692307692
2024-01-01T08:35:00+00:00,-24.6393,55.679646285387925,9.0,-8.5949,7.692307692307692
2024-01-01T08:40:00+00:00,-24.6195,54.941128001489645,9.0,-8.5698,7.692307692307692
2024-01-01T08:45:00+00:00,-24.5996,54.19342858014433,9.0,-8.5458,7.692307692307692
2024-01-01T08:50:00+00:00,-24.5797,53.436907019992105,9.0,-8.5227,7.692307692307692
2024-01-01T08:55:00+00:00,-24.5598,52.67206161009649,9.0,-8.5007,7.692307692307692
2024-01-01T09:00:00+00:00,-24.54,51.89933406238921,9.0,-8.4795,7.692307692307692
2024-01-01T09:05:00+00:00,-24.4817,50.86174929887228,9.0,-8.459,7.692307692307692
2024-01-01T09:10:00+00:00,-24.4234,49.816945308115166,9.0,-8.4396,7.692307692307692
2024-01-01T09:15:00+00:00,-24.3651,48.765329029902404,9.0,-8.4214,7.692307692307692
2024-01-01T09:20:00+00:00,-24.3069,47.70722793150506,9.0,-8.4043,7.692307692307692
2024-01-01T09:25:00+00:00,-24.2486,46.6432919440814,9.0,-8.3883,7.692307692307692
2024-01-01T09:30:00+00:00,-24.1903,45.573895245659095,9.0,-8.3732,7.692307692307692
2024-01-01T09:35:00+00:00,-24.132,44.499539296849605,9.0,-8.3592,7.692307692307692
2024-01-01T09:40:00+00:00,-24.0738,43.42065598710821,9.0,-8.3461,7.692307692307692
2024-01-01T09:45:00+00:00,-24.0155,42.33801241386888,9.0,-8.3339,7.692307692307692
2024-01-01T09:50:00+00:00,-23.9572,41.252116297232845,9.0,-8.3225,7.692307692307692
2024-01-01T09:55:00+00:00,-23.8989,40.16362344555071,9.0,-8.312,7.692307692307692
2024-01-01T10:00:00+00:00,-23.8407,39.0731473721887,9.0,-8.3022,7.692307692307692
2024-01-01T10:05:00+00:00,-23.748,37.960595673461754,9.0,-8.2927,7.692307692307692
2024-01-01T10:10:00+00:00,-23.6553,36.84426717468551,9.0,-8.2838,7.692307692307692
2024-01-01T10:15:00+00:00,-23.5626,35.72458912012398,9.0,-8.2756,7.692307692307692
2024-01-01T10:20:00+00:00,-23.4699,34.602004124538,9.0,-8.2682,7.692307692307692
2024-01-01T10:25:00+00:00,-23.3771,33.47707232996622,9.0,-8.2614,7.692307692307692
2024-01-01T10:30:00+00:00,-23.2844,32.35007497312225,9.0,-8.2553,7.692307692307692
2024-01-01T10:35:00+00:00,-23.1917,31.221618514442337,9.0,-8.2499,7.692307692307692
2024-01-01T10:40:00+00:00,-23.099,30.092240571136944,9.0,-8.2451,7.692307692307692
2024-01-01T10:45:00+00:00,-23.0063,28.962517707546265,9.0,-8.241,7.692307692307692
2024-01-01T10:50:00+00:00,-22.9136,27.833075452355477,9.0,-8.2374,7.692307692307692
2024-01-01T10:55:00+00:00,-22.8209,26.70460173718717,9.0,-8.2345,7.692307692307692
2024-01-01T11:00:00+00:00,-22.7282,25.577863454509483,9.0,-8.2321,7.692307692307692
2024-01-01T11:05:00+00:00,-22.6074,21.147632180136675,9.0,-8.2347,7.692307692307692
2024-01-01T11:10:00+00:00,-22.4866,16.841127285954716,9.0,-8.2426,7.692307692307692
2024-01-01T11:15:00+00:00,-22.3658,12.663288191971269,9.0,-8.2552,7.692307692307692
2024-01-01T11:20:00+00:00,-22.245,8.62102835593059,9.0,-8.2717,7.692307692307692
2024-01-01T11:25:00+00:00,-22.1242,4.725353922201194,9.0,-8.2917,7.692307692307692
2024-01-01T11:30:00+00:00,-22.0034,0.9967900780842598,9.0,-8.2034,7.692307692307692
2024-01-01T11:35:00+00:00,-21.8825,-2.517578025524461,9.0,-8.2008,7.692307692307692
2024-01-01T11:40:00+00:00,-21.7617,-5.671668670363477,9.0,-8.2181,7.692307692307692
2024-01-01T11:45:00+00:00,-21.6409,-9.558396593337129,9.0,-8.2428,7.692307692307692
2024-01-01T11:50:00+00:00,-21.5201,-14.357505488225199,9.0,-8.2734,7.692307692307692
2024-01-01T11:55:00+00:00,-21.3993,-18.248277081243995,9.0,-8.3076,7.692307692307692
2024-01-01T12:00:00+00:00,-21.2785,-21.2785,9.0,-8.3435,7.692307692307692
2024-01-01T12:05:00+00:00,-21.1378,-21.1378,9.0,-8.376,7.692307692307692
2024-01-01T12:10:00+00:00,-20.9971,-20.9971,9.0,-8.4051,7.692307692307692
2024-01-01T12:15:00+00:00,-20.8564,-20.8564,9.0,-8.4315,7.692307692307692
2024-01-01T12:20:00+00:00,-20.7157,-20.7157,9.0,-8.4557,7.692307692307692
2024-01-01T12:25:00+00:00,-20.575,-20.575,9.0,-8.4782,7.692307692307692
2024-01-01T12:30:00+00:00,-20.4344,-20.4344,9.0,-8.4993,7.692307692307692
2024-01-01T12:35:00+00:00,-20.2937,-20.2937,9.0,-8.5192,7.692307692307692
2024-01-01T12:40:00+00:00,-20.153,-20.153,9.0,-8.5382,7.692307692307692
2024-01-01T12:45:00+00:00,-20.0123,-20.0123,9.0,-8.5565,7.692307692307692
2024-01-01T12:50:00+00:00,-19.8716,-19.8716,9.0,-8.5741,7.692307692307692
2024-01-01T12:55:00+00:00,-19.7309,-19.7309,9.0,-8.5913,7.692307692307692
2024-01-01T13:00:00+00:00,-19.5902,-19.5902,9.0,-8.6082,7.692307692307692
2024-01-01T13:05:00+00:00,-19.4392,-19.4392,9.0,-8.6247,7.692307692307692
2024-01-01T13:10:00+00:00,-19.2883,-19.2883,9.0,-8.6411,7.692307692307692
2024-01-01T13:15:00+00:00,-19.1373,-19.1373,9.0,-8.6574,7.692307692307692
2024-01-01T13:20:00+00:00,-18.9863,-18.9863,9.0,-8.6737,7.692307692307692
2024-01-01T13:25:00+00:00,-18.8353,-18.8353,9.0,-8.6902,7.692307692307692
2024-01-01T13:30:00+00:00,-18.6844,-18.6844,9.0,-8.7067,7.692307692307692
2024-01-01T13:35:00+00:00,-18.5334,-18.5334,9.0,-8.7235,7.692307692307692
2024-01-01T13:40:00+00:00,-18.3824,-18.3824,9.0,-8.7404,7.692307692307692
2024-01-01T13:45:00+00:00,-18.2314,-18.2314,9.0,-8.7576,7.692307692307692
2024-01-01T13:50:00+00:00,-18.0804,-18.0804,9.0,-8.7751,7.692307692307692
2024-01-01T13:55:00+00:00,-17.9295,-17.9295,9.0,-8.7929,7.692307692307692
2024-01-01T14:00:00+00:00,-17.7785,-17.7785,9.0,-8.8109,7.692307692307692
2024-01-01T14:05:00+00:00,-17.6275,-17.6275,9.0,-8.8292,7.692307692307692
2024-01-01T14:10:00+00:00,-17.4765,-17.4765,9.0,-8.8479,7.692307692307692
2024-01-01T14:15:00+00:00,-17.3256,-17.3256,9.0,-8.8668,7.692307692307692
2024-01-01T14:20:00+00:00,-17.1746,-17.1746,9.0,-8.886,7.692307692307692
2024-01-01T14:25:00+00:00,-17.0236,-17.0236,9.0,-8.9055,7.692307692307692
2024-01-01T14:30:00+00:00,-16.8726,-16.8726,9.0,-8.9253,7.692307692307692
2024-01-01T14:35:00+00:00,-16.7216,-16.7216,9.0,-8.9453,7.692307692307692
2024-01-01T14:40:00+00:00,-16.5707,-16.5707,9.0,-8.9656,7.692307692307692
2024-01-01T14:45:00+00:00,-16.4197,-16.4197,9.0,-8.986,7.692307692307692
2024-01-01T14:50:00+00:00,-16.2687,-16.2687,9.0,-9.0067,7.692307692307692
2024-01-01T14:55:00+00:00,-16.1177,-16.1177,9.0,-9.0275,7.692307692307692
2024-01-01T15:00:00+00:00,-15.9668,-15.9668,9.0,-9.0485,7.692307692307692
2024-01-01T15:05:00+00:00,-15.8261,-15.8261,9.0,-9.0697,7.692307692307692
2024-01-01T15:10:00+00:00,-15.6854,-15.6854,9.0,-9.0911,7.692307692307692
2024-01-01T15:15:00+00:00,-15.5447,-15.5447,9.0,-9.1126,7.692307692307692
2024-01-01T15:20:00+00:00,-15.404,-15.404,9.0,-9.1342,7.692307692307692
2024-01-01T15:25:00+00:00,-15.2633,-15.2633,9.0,-9.1558,7.692307692307692
2024-01-01T15:30:00+00:00,-15.1226,-15.1226,9.0,-9.1775,7.692307692307692
2024-01-01T15:35:00+00:00,-14.9819,-14.9819,9.0,-9.1992,7.692307692307692
2024-01-01T15:40:00+00:00,-14.8412,-14.8412,9.0,-9.2209,7.692307692307692
2024-01-01T15:45:00+00:00,-14.7006,-14.7006,9.0,-9.2426,7.692307692307692
2024-01-01T15:50:00+00:00,-14.5599,-14.5599,9.0,-9.2642,7.692307692307692
2024-01-01T15:55:00+00:00,-14.4192,-14.4192,9.0,-9.2858,7.692307692307692
2024-01-01T16:00:00+00:00,-14.2785,-14.2785,9.0,-9.3073,7.692307692307692
2024-01-01T16:05:00+00:00,-14.1577,-14.1577,9.0,-9.3289,7.692307692307692
2024-01-01T16:10:00+00:00,-14.0369,-14.0369,9.0,-9.3504,7.692307692307692
2024-01-01T16:15:00+00:00,-13.916,-13.916,9.0,-9.3719,7.692307692307692
2024-01-01T16:20:00+00:00,-13.7952,-13.7952,9.0,-9.3932,7.692307692307692
2024-01-01T16:25:00+00:00,-13.6744,-13.6744,9.0,-9.4144,7.692307692307692
2024-01-01T16:30:00+00:00,-13.5536,-13.5536,9.0,-9.4354,7.692307692307692
2024-01-01T16:35:00+00:00,-13.4328,-13.4328,9.0,-9.4562,7.692307692307692
2024-01-01T16:40:00+00:00,-13.312,-13.312,9.0,-9.4768,7.692307692307692
2024-01-01T16:45:00+00:00,-13.1912,-13.1912,9.0,-9.4972,7.692307692307692
2024-01-01T16:50:00+00:00,-13.0704,-13.0704,9.0,-9.5175,7.692307692307692
2024-01-01T16:55:00+00:00,-12.9495,-12.9495,9.0,-9.5374,7.692307692307692
2024-01-01T17:00:00+00:00,-12.8287,-12.8287,9.0,-9.5572,7.692307692307692
2024-01-01T17:05:00+00:00,-12.736,-12.736,9.0,-9.577,7.692307692307692
2024-01-01T17:10:00+00:00,-12.6433,-12.6433,9.0,-9.5966,7.692307692307692
2024-01-01T17:15:00+00:00,-12.5506,-12.5506,9.0,-9.6159,7.692307692307692
2024-01-01T17:20:00+00:00,-12.4579,-12.4579,9.0,-9.635,7.692307692307692
2024-01-01T17:25:00+00:00,-12.3652,-12.3652,9.0,-9.6538,7.692307692307692
2024-01-01T17:30:00+00:00,-12.2725,-12.2725,9.0,-9.6724,7.692307692307692
2024-01-01T17:35:00+00:00,-12.1798,-12.1798,9.0,-9.6907,7.692307692307692
2024-01-01T17:40:00+00:00,-12.0871,-12.0871,9.0,-9.7086,7.692307692307692
2024-01-01T17:45:00+00:00,-11.9944,-11.9944,9.0,-9.7263,7.692307692307692
2024-01-01T17:50:00+00:00,-11.9017,-11.9017,9.0,-9.7437,7.692307692307692
2024-01-01T17:55:00+00:00,-11.809,-11.809,9.0,-9.7607,7.692307692307692
2024-01-01T18:00:00+00:00,-11.7163,-11.7163,9.0,-9.7775,7.692307692307692
2024-01-01T18:05:00+00:00,-11.658,-11.658,9.0,-9.7943,7.692307692307692
2024-01-01T18:10:00+00:00,-11.5998,-11.5998,9.0,-9.8108,7.692307692307692
2024-01-01T18:15:00+00:00,-11.5415,-11.5415,9.0,-9.8271,7.692307692307692
2024-01-01T18:20:00+00:00,-11.4832,-11.4832,9.0,-9.8431,7.692307692307692
2024-01-01T18:25:00+00:00,-11.4249,-11.4249,9.0,-9.8587,7.692307692307692
2024-01-01T18:30:00+00:00,-11.3667,-11.3667,9.0,-9.8741,7.692307692307692
2024-01-01T18:35:00+00:00,-11.3084,-11.3084,9.0,-9.8891,7.692307692307692
2024-01-01T18:40:00+00:00,-11.2501,-11.2501,9.0,-9.9038,7.692307692307692
2024-01-01T18:45:00+00:00,-11.1918,-11.1918,9.0,-9.9182,7.692307692307692
2024-01-01T18:50:00+00:00,-11.1336,-11.1336,9.0,-9.9323,7.692307692307692
2024-01-01T18:55:00+00:00,-11.0753,-11.0753,9.0,-9.9461,7.692307692307692
2024-01-01T19:00:00+00:00,-11.017,-11.017,9.0,-9.9595,7.692307692307692
2024-01-01T19:05:00+00:00,-10.9971,-10.9971,9.0,-9.973,7.692307692307692
2024-01-01T19:10:00+00:00,-10.9772,-10.9772,9.0,-9.9864,7.692307692307692
2024-01-01T19:15:00+00:00,-10.9574,-10.9574,9.0,-9.9994,7.692307692307692
2024-01-01T19:20:00+00:00,-10.9375,-10.9375,9.0,-10.0122,7.692307692307692
2024-01-01T19:25:00+00:00,-10.9176,-10.9176,9.0,-10.0247,7.692307692307692
2024-01-01T19:30:00+00:00,-10.8977,-10.8977,9.0,-10.0369,7.692307692307692
2024-01-01T19:35:00+00:00,-10.8779,-10.8779,9.0,-10.0488,7.692307692307692
2024-01-01T19:40:00+00:00,-10.858,-10.858,9.0,-10.0604,7.692307692307692
2024-01-01T19:45:00+00:00,-10.8381,-10.8381,9.0,-10.0718,7.692307692307692
2024-01-01T19:50:00+00:00,-10.8182,-10.8182,9.0,-10.0829,7.692307692307692
2024-01-01T19:55:00+00:00,-10.7984,-10.7984,9.0,-10.0937,7.692307692307692
2024-01-01T20:00:00+00:00,-10.7785,-10.7785,9.0,-10.1042,7.692307692307692
2024-01-01T20:05:00+00:00,-10.7984,-10.7984,9.0,-10.1149,7.692307692307692
2024-01-01T20:10:00+00:00,-10.8182,-10.8182,9.0,-10.1255,7.692307692307692
2024-01-01T20:15:00+00:00,-10.8381,-10.8381,9.0,-10.1358,7.692307692307692
2024-01-01T20:20:00+00:00,-10.858,-10.858,9.0,-10.1459,7.692307692307692
2024-01-01T20:25:00+00:00,-10.8779,-10.8779,9.0,-10.1558,7.692307692307692
2024-01-01T20:30:00+00:00,-10.8977,-10.8977,9.0,-10.1655,7.692307692307692
2024-01-01T20:35:00+00:00,-10.9176,-10.9176,9.0,-10.175,7.692307692307692
2024-01-01T20:40:00+00:00,-10.9375,-10.9375,9.0,-10.1842,7.692307692307692
2024-01-01T20:45:00+00:00,-10.9574,-10.9574,9.0,-10.1933,7.692307692307692
2024-01-01T20:50:00+00:00,-10.9772,-10.9772,9.0,-10.2022,7.692307692307692
2024-01-01T20:55:00+00:00,-10.9971,-10.9971,9.0,-10.2109,7.692307692307692
2024-01-01T21:00:00+00:00,-11.017,-11.017,9.0,-10.2194,7.692307692307692
2024-01-01T21:05:00+00:00,-11.0753,-11.0753,9.0,-10.2281,7.692307692307692
2024-01-01T21:10:00+00:00,-11.1336,-11.1336,9.0,-10.2367,7.692307692307692
2024-01-01T21:15:00+00:00,-11.1918,-11.1918,9.0,-10.2453,7.692307692307692
2024-01-01T21:20:00+00:00,-11.2501,-11.2501,9.0,-10.2537,7.692307692307692
2024-01-01T21:25:00+00:00,-11.3084,-11.3084,9.0,-10.2619,7.692307692307692
2024-01-01T21:30:00+00:00,-11.3667,-11.3667,9.0,-10.2701,7.692307692307692
2024-01-01T21:35:00+00:00,-11.4249,-11.4249,9.0,-10.2781,7.692307692307692
2024-01-01T21:40:00+00:00,-11.4832,-11.4832,9.0,-10.286,7.692307692307692
2024-01-01T21:45:00+00:00,-11.5415,-11.5415,9.0,-10.2939,7.692307692307692
2024-01-01T21:50:00+00:00,-11.5998,-11.5998,9.0,-10.3016,7.692307692307692
2024-01-01T21:55:00+00:00,-11.658,-11.658,9.0,-10.3092,7.692307692307692
2024-01-01T22:00:00+00:00,-11.7163,-11.7163,9.0,-10.3168,7.692307692307692
2024-01-01T22:05:00+00:00,-11.809,-11.567082517615447,9.0,-10.3243,7.692307692307692
2024-01-01T22:10:00+00:00,-11.9017,-11.417865035230895,9.0,-10.3314,7.692307692307692
2024-01-01T22:15:00+00:00,-11.9944,-11.268647552846343,9.0,-10.3382,7.692307692307692
2024-01-01T22:20:00+00:00,-12.0871,-11.119430070461789,9.0,-10.3446,7.692307692307692
2024-01-01T22:25:00+00:00,-12.1798,-10.970212588077237,9.0,-10.3508,7.692307692307692
2024-01-01T22:30:00+00:00,-12.2725,-10.820995105692685,9.0,-10.3567,7.692307692307692
2024-01-01T22:35:00+00:00,-12.3652,-10.671777623308131,9.0,-10.3623,7.692307692307692
2024-01-01T22:40:00+00:00,-12.4579,-10.52256014092358,9.0,-10.3677,7.692307692307692
2024-01-01T22:45:00+00:00,-12.5506,-10.373342658539025,9.0,-10.3728,7.692307692307692
2024-01-01T22:50:00+00:00,-12.6433,-10.224125176154473,9.0,-10.3778,7.692307692307692
2024-01-01T22:55:00+00:00,-12.736,-10.074907693769921,9.0,-10.3825,7.692307692307692
2024-01-01T23:00:00+00:00,-12.8287,-9.925690211385367,9.0,-10.387,7.692307692307692
