timestamp,inner_surface_c
2024-01-01T00:00:00+00:00,-6.212
2024-01-01T00:05:00+00:00,-6.2499
2024-01-01T00:10:00+00:00,-6.2875
2024-01-01T00:15:00+00:00,-6.3248
2024-01-01T00:20:00+00:00,-6.3618
2024-01-01T00:25:00+00:00,-6.3985
2024-01-01T00:30:00+00:00,-6.4349
2024-01-01T00:35:00+00:00,-6.4712
2024-01-01T00:40:00+00:00,-6.5073
2024-01-01T00:45:00+00:00,-6.5432
2024-01-01T00:50:00+00:00,-6.579
2024-01-01T00:55:00+00:00,-6.6146
2024-01-01T01:00:00+00:00,-6.6502
2024-01-01T01:05:00+00:00,-6.6858
2024-01-01T01:10:00+00:00,-6.7213
2024-01-01T01:15:00+00:00,-6.7568
2024-01-01T01:20:00+00:00,-6.7923
2024-01-01T01:25:00+00:00,-6.8279
2024-01-01T01:30:00+00:00,-6.8636
2024-01-01T01:35:00+00:00,-6.8994
2024-01-01T01:40:00+00:00,-6.9353
2024-01-01T01:45:00+00:00,-6.9713
2024-01-01T01:50:00+00:00,-7.0075
2024-01-01T01:55:00+00:00,-7.0439
2024-01-01T02:00:00+00:00,-7.0804
2024-01-01T02:05:00+00:00,-7.116
2024-01-01T02:10:00+00:00,-7.1508
2024-01-01T02:15:00+00:00,-7.1849
2024-01-01T02:20:00+00:00,-7.2182
2024-01-01T02:25:00+00:00,-7.2508
2024-01-01T02:30:00+00:00,-7.2828
2024-01-01T02:35:00+00:00,-7.3141
2024-01-01T02:40:00+00:00,-7.3447
2024-01-01T02:45:00+00:00,-7.3745
2024-01-01T02:50:00+00:00,-7.4035
2024-01-01T02:55:00+00:00,-7.4316
2024-01-01T03:00:00+00:00,-7.4588
2024-01-01T03:05:00+00:00,-7.4859
2024-01-01T03:10:00+00:00,-7.5126
2024-01-01T03:15:00+00:00,-7.5388
2024-01-01T03:20:00+00:00,-7.5643
2024-01-01T03:25:00+00:00,-7.5889
2024-01-01T03:30:00+00:00,-7.6141
2024-01-01T03:35:00+00:00,-7.6382
2024-01-01T03:40:00+00:00,-7.6608
2024-01-01T03:45:00+00:00,-7.6817
2024-01-01T03:50:00+00:00,-7.7007
2024-01-01T03:55:00+00:00,-7.7178
2024-01-01T04:00:00+00:00,-7.7329
2024-01-01T04:05:00+00:00,-7.7458
2024-01-01T04:10:00+00:00,-7.7566
2024-01-01T04:15:00+00:00,-7.765
2024-01-01T04:20:00+00:00,-7.771
2024-01-01T04:25:00+00:00,-7.7744
2024-01-01T04:30:00+00:00,-7.7752
2024-01-01T04:35:00+00:00,-7.7732
2024-01-01T04:40:00+00:00,-7.7685
2024-01-01T04:45:00+00:00,-7.7608
2024-01-01T04:50:00+00:00,-7.7503
2024-01-01T04:55:00+00:00,-7.7368
2024-01-01T05:00:00+00:00,-7.7202
2024-01-01T05:05:00+00:00,-7.7007
2024-01-01T05:10:00+00:00,-7.6783
2024-01-01T05:15:00+00:00,-7.6529
2024-01-01T05:20:00+00:00,-7.6245
2024-01-01T05:25:00+00:00,-7.593
2024-01-01T05:30:00+00:00,-7.5585
2024-01-01T05:35:00+00:00,-7.5209
2024-01-01T05:40:00+00:00,-7.4803
2024-01-01T05:45:00+00:00,-7.4367
2024-01-01T05:50:00+00:00,-7.39
2024-01-01T05:55:00+00:00,-7.3403
2024-01-01T06:00:00+00:00,-7.2876
2024-01-01T06:05:00+00:00,-7.2321
2024-01-01T06:10:00+00:00,-7.1738
2024-01-01T06:15:00+00:00,-7.1127
2024-01-01T06:20:00+00:00,-7.0488
2024-01-01T06:25:00+00:00,-6.9822
2024-01-01T06:30:00+00:00,-6.9129
2024-01-01T06:35:00+00:00,-6.841
2024-01-01T06:40:00+00:00,-6.7664
2024-01-01T06:45:00+00:00,-6.6893
2024-01-01T06:50:00+00:00,-6.6097
2024-01-01T06:55:00+00:00,-6.5276
2024-01-01T07:00:00+00:00,-6.4431
2024-01-01T07:05:00+00:00,-6.3565
2024-01-01T07:10:00+00:00,-6.2677
2024-01-01T07:15:00+00:00,-6.1768
2024-01-01T07:20:00+00:00,-6.0839
2024-01-01T07:25:00+00:00,-5.989
2024-01-01T07:30:00+00:00,-5.8922
2024-01-01T07:35:00+00:00,-5.7936
2024-01-01T07:40:00+00:00,-5.6933
2024-01-01T07:45:00+00:00,-5.5913
2024-01-01T07:50:00+00:00,-5.4877
2024-01-01T07:55:00+00:00,-5.3826
2024-01-01T08:00:00+00:00,-5.276
2024-01-01T08:05:00+00:00,-5.1683
2024-01-01T08:10:00+00:00,-5.0594
2024-01-01T08:15:00+00:00,-4.9495
2024-01-01T08:20:00+00:00,-4.8386
2024-01-01T08:25:00+00:00,-4.7268
2024-01-01T08:30:00+00:00,-4.6142
2024-01-01T08:35:00+00:00,-4.5009
2024-01-01T08:40:00+00:00,-4.3869
2024-01-01T08:45:00+00:00,-4.2724
2024-01-01T08:50:00+00:00,-4.1575
2024-01-01T08:55:00+00:00,-4.0422
2024-01-01T09:00:00+00:00,-3.9267
2024-01-01T09:05:00+00:00,-3.8111
2024-01-01T09:10:00+00:00,-3.6955
2024-01-01T09:15:00+00:00,-3.58
2024-01-01T09:20:00+00:00,-3.4648
2024-01-01T09:25:00+00:00,-3.3498
2024-01-01T09:30:00+00:00,-3.2352
2024-01-01T09:35:00+00:00,-3.1211
2024-01-01T09:40:00+00:00,-3.0075
2024-01-01T09:45:00+00:00,-2.8946
2024-01-01T09:50:00+00:00,-2.7825
2024-01-01T09:55:00+00:00,-2.6711
2024-01-01T10:00:00+00:00,-2.5608
2024-01-01T10:05:00+00:00,-2.4514
2024-01-01T10:10:00+00:00,-2.3432
2024-01-01T10:15:00+00:00,-2.2361
2024-01-01T10:20:00+00:00,-2.1304
2024-01-01T10:25:00+00:00,-2.026
2024-01-01T10:30:00+00:00,-1.9231
2024-01-01T10:35:00+00:00,-1.8217
2024-01-01T10:40:00+00:00,-1.722
2024-01-01T10:45:00+00:00,-1.624
2024-01-01T10:50:00+00:00,-1.5277
2024-01-01T10:55:00+00:00,-1.4333
2024-01-01T11:00:00+00:00,-1.3409
2024-01-01T11:05:00+00:00,-1.2518
2024-01-01T11:10:00+00:00,-1.1659
2024-01-01T11:15:00+00:00,-1.0831
2024-01-01T11:20:00+00:00,-1.0034
2024-01-01T11:25:00+00:00,-0.9266
2024-01-01T11:30:00+00:00,-0.8504
2024-01-01T11:35:00+00:00,-0.7771
2024-01-01T11:40:00+00:00,-0.7069
2024-01-01T11:45:00+00:00,-0.6402
2024-01-01T11:50:00+00:00,-0.5775
2024-01-01T11:55:00+00:00,-0.5183
2024-01-01T12:00:00+00:00,-0.4624
2024-01-01T12:05:00+00:00,-0.4085
2024-01-01T12:10:00+00:00,-0.357
2024-01-01T12:15:00+00:00,-0.3082
2024-01-01T12:20:00+00:00,-0.2622
2024-01-01T12:25:00+00:00,-0.2193
2024-01-01T12:30:00+00:00,-0.1797
2024-01-01T12:35:00+00:00,-0.1435
2024-01-01T12:40:00+00:00,-0.1109
2024-01-01T12:45:00+00:00,-0.0819
2024-01-01T12:50:00+00:00,-0.0567
2024-01-01T12:55:00+00:00,-0.0354
2024-01-01T13:00:00+00:00,-0.0179
2024-01-01T13:05:00+00:00,-0.0044
2024-01-01T13:10:00+00:00,0.0052
2024-01-01T13:15:00+00:00,0.0108
2024-01-01T13:20:00+00:00,0.0126
2024-01-01T13:25:00+00:00,0.0104
2024-01-01T13:30:00+00:00,0.0045
2024-01-01T13:35:00+00:00,-0.0051
2024-01-01T13:40:00+00:00,-0.0184
2024-01-01T13:45:00+00:00,-0.0352
2024-01-01T13:50:00+00:00,-0.0554
2024-01-01T13:55:00+00:00,-0.0789
2024-01-01T14:00:00+00:00,-0.1056
2024-01-01T14:05:00+00:00,-0.1354
2024-01-01T14:10:00+00:00,-0.168
2024-01-01T14:15:00+00:00,-0.2035
2024-01-01T14:20:00+00:00,-0.2416
2024-01-01T14:25:00+00:00,-0.2823
2024-01-01T14:30:00+00:00,-0.3253
2024-01-01T14:35:00+00:00,-0.3707
2024-01-01T14:40:00+00:00,-0.4181
2024-01-01T14:45:00+00:00,-0.4676
2024-01-01T14:50:00+00:00,-0.519
2024-01-01T14:55:00+00:00,-0.5722
2024-01-01T15:00:00+00:00,-0.627
2024-01-01T15:05:00+00:00,-0.6834
2024-01-01T15:10:00+00:00,-0.7412
2024-01-01T15:15:00+00:00,-0.8004
2024-01-01T15:20:00+00:00,-0.8607
2024-01-01T15:25:00+00:00,-0.9223
2024-01-01T15:30:00+00:00,-0.9848
2024-01-01T15:35:00+00:00,-1.0483
2024-01-01T15:40:00+00:00,-1.1127
2024-01-01T15:45:00+00:00,-1.1778
2024-01-01T15:50:00+00:00,-1.2436
2024-01-01T15:55:00+00:00,-1.3101
2024-01-01T16:00:00+00:00,-1.3771
2024-01-01T16:05:00+00:00,-1.4445
2024-01-01T16:10:00+00:00,-1.5124
2024-01-01T16:15:00+00:00,-1.5806
2024-01-01T16:20:00+00:00,-1.6491
2024-01-01T16:25:00+00:00,-1.7179
2024-01-01T16:30:00+00:00,-1.7868
2024-01-01T16:35:00+00:00,-1.8559
2024-01-01T16:40:00+00:00,-1.925
2024-01-01T16:45:00+00:00,-1.9941
2024-01-01T16:50:00+00:00,-2.0632
2024-01-01T16:55:00+00:00,-2.1323
2024-01-01T17:00:00+00:00,-2.2012
2024-01-01T17:05:00+00:00,-2.27
2024-01-01T17:10:00+00:00,-2.3387
2024-01-01T17:15:00+00:00,-2.4071
2024-01-01T17:20:00+00:00,-2.4753
2024-01-01T17:25:00+00:00,-2.5433
2024-01-01T17:30:00+00:00,-2.6109
2024-01-01T17:35:00+00:00,-2.6783
2024-01-01T17:40:00+00:00,-2.7453
2024-01-01T17:45:00+00:00,-2.8119
2024-01-01T17:50:00+00:00,-2.8781
2024-01-01T17:55:00+00:00,-2.9439
2024-01-01T18:00:00+00:00,-3.0093
2024-01-01T18:05:00+00:00,-3.0743
2024-01-01T18:10:00+00:00,-3.1388
2024-01-01T18:15:00+00:00,-3.2029
2024-01-01T18:20:00+00:00,-3.2664
2024-01-01T18:25:00+00:00,-3.3295
2024-01-01T18:30:00+00:00,-3.3921
2024-01-01T18:35:00+00:00,-3.4541
2024-01-01T18:40:00+00:00,-3.5156
2024-01-01T18:45:00+00:00,-3.5766
2024-01-01T18:50:00+00:00,-3.6371
2024-01-01T18:55:00+00:00,-3.697
2024-01-01T19:00:00+00:00,-3.7564
2024-01-01T19:05:00+00:00,-3.8152
2024-01-01T19:10:00+00:00,-3.8734
2024-01-01T19:15:00+00:00,-3.9312
2024-01-01T19:20:00+00:00,-3.9883
2024-01-01T19:25:00+00:00,-4.0449
2024-01-01T19:30:00+00:00,-4.101
2024-01-01T19:35:00+00:00,-4.1564
2024-01-01T19:40:00+00:00,-4.2114
2024-01-01T19:45:00+00:00,-4.2657
2024-01-01T19:50:00+00:00,-4.3195
2024-01-01T19:55:00+00:00,-4.3728
2024-01-01T20:00:00+00:00,-4.4255
2024-01-01T20:05:00+00:00,-4.4777
2024-01-01T20:10:00+00:00,-4.5293
2024-01-01T20:15:00+00:00,-4.5804
2024-01-01T20:20:00+00:00,-4.631
2024-01-01T20:25:00+00:00,-4.681
2024-01-01T20:30:00+00:00,-4.7306
2024-01-01T20:35:00+00:00,-4.7796
2024-01-01T20:40:00+00:00,-4.8281
2024-01-01T20:45:00+00:00,-4.8761
2024-01-01T20:50:00+00:00,-4.9237
2024-01-01T20:55:00+00:00,-4.9707
2024-01-01T21:00:00+00:00,-5.0173
2024-01-01T21:05:00+00:00,-5.0634
2024-01-01T21:10:00+00:00,-5.109
2024-01-01T21:15:00+00:00,-5.1542
2024-01-01T21:20:00+00:00,-5.199
2024-01-01T21:25:00+00:00,-5.2433
2024-01-01T21:30:00+00:00,-5.2872
2024-01-01T21:35:00+00:00,-5.3307
2024-01-01T21:40:00+00:00,-5.3738
2024-01-01T21:45:00+00:00,-5.4165
2024-01-01T21:50:00+00:00,-5.4588
2024-01-01T21:55:00+00:00,-5.5008
2024-01-01T22:00:00+00:00,-5.5424
2024-01-01T22:05:00+00:00,-5.5835
2024-01-01T22:10:00+00:00,-5.6242
2024-01-01T22:15:00+00:00,-5.6645
2024-01-01T22:20:00+00:00,-5.7044
2024-01-01T22:25:00+00:00,-5.7439
2024-01-01T22:30:00+00:00,-5.7831
2024-01-01T22:35:00+00:00,-5.8219
2024-01-01T22:40:00+00:00,-5.8604
2024-01-01T22:45:00+00:00,-5.8985
2024-01-01T22:50:00+00:00,-5.9363
2024-01-01T22:55:00+00:00,-5.9738
2024-01-01T23:00:00+00:00,-6.011
