name,label,lambda_w_mk,rho_kg_m3,c_j_kgk,emissivity,absorptance,source,value_status,notes
stone_masonry,Stone masonry,2.2,2500,850,0.90,0.70,"ASHRAE Handbook of Fundamentals, thermal properties section; starting value within stated range in build brief",typical,Actual stone should be replaced with a verified local stone datasheet when available
concrete_dense,Dense concrete,1.55,2300,900,0.90,0.70,"ASHRAE Handbook of Fundamentals, thermal properties section; starting value within stated range in build brief",typical,Dense concrete starting value
fired_clay_brick,Fired clay brick,0.75,1800,800,0.90,0.65,"ASHRAE Handbook of Fundamentals, thermal properties section; starting value within stated range in build brief",typical,Fired clay brick starting value
rammed_earth,Rammed earth,0.9,1850,950,0.90,0.65,IS 3792 and ASHRAE Handbook of Fundamentals; starting value within stated range in build brief,typical,Local material placeholder for verification
adobe,Adobe,0.6,1600,900,0.90,0.65,"ASHRAE Handbook of Fundamentals, thermal properties section; starting value within stated range in build brief",typical,Local material placeholder for verification
eps,EPS insulation,0.036,25,1400,0.90,0.30,Manufacturer datasheet class value; build brief starting range,typical,Verify product grade before using in a judged submission
xps,XPS insulation,0.033,35,1450,0.90,0.30,Manufacturer datasheet class value; build brief starting range,typical,Verify product grade before using in a judged submission
mineral_wool,Mineral wool,0.040,60,900,0.90,0.35,Manufacturer datasheet class value; build brief starting range,typical,Verify product grade before using in a judged submission
pir,PIR insulation,0.025,35,1400,0.90,0.30,Manufacturer datasheet class value; build brief starting range,typical,Verify product grade before using in a judged submission
timber,Timber,0.13,500,1900,0.90,0.60,"ASHRAE Handbook of Fundamentals, thermal properties section; build brief starting range",typical,Softwood timber starting value
water,Water,0.6,1000,4180,0.96,0.10,"ASHRAE Handbook of Fundamentals, fluid thermal properties",typical,Used as interior sensible thermal mass containers
pcm_paraffin,Paraffin PCM,0.20,820,2000,0.90,0.30,Build brief starting point; latent heat 180 to 220 kJ/kg and melting range require product verification,typical,Latent heat and melting point are separate inputs
soil,Soil,1.50,1800,1000,0.90,0.65,Build brief ground assumption,assumption,Replace with local soil properties when available
